[
    {
        "name": "PBS WY RIVERTON",
        "id": "PBSWYRIVERTON.us",
        "logo": "",
        "url": "http://sansat.co:88/02021375753918/8946623682/665316",
        "categories": [
            "usa pbs"
        ],
        "country": "US"
    },
    {
        "name": "PBS TX CORPUS CHRISTI",
        "id": "PBSTXCORPUSCHRISTI.us",
        "logo": "",
        "url": "http://sansat.co:88/02021375753918/8946623682/665317",
        "categories": [
            "usa pbs"
        ],
        "country": "US"
    },
    {
        "name": "PBS MO ST LOUIS",
        "id": "PBSMOSTLOUIS.us",
        "logo": "",
        "url": "http://sansat.co:88/02021375753918/8946623682/665318",
        "categories": [
            "usa pbs"
        ],
        "country": "US"
    },
    {
        "name": "PBS CA REDDING",
        "id": "PBSCAREDDING.us",
        "logo": "",
        "url": "http://sansat.co:88/02021375753918/8946623682/665320",
        "categories": [
            "usa pbs"
        ],
        "country": "US"
    },
    {
        "name": "PBS TX SAN ANTONIO",
        "id": "PBSTXSANANTONIO.us",
        "logo": "",
        "url": "http://sansat.co:88/02021375753918/8946623682/665321",
        "categories": [
            "usa pbs"
        ],
        "country": "US"
    },
    {
        "name": "PBS TX AUSTIN",
        "id": "PBSTXAUSTIN.us",
        "logo": "",
        "url": "http://sansat.co:88/02021375753918/8946623682/665322",
        "categories": [
            "usa pbs"
        ],
        "country": "US"
    },
    {
        "name": "PBS NV LAS VEGAS",
        "id": "PBSNVLASVEGAS.us",
        "logo": "",
        "url": "http://sansat.co:88/02021375753918/8946623682/665323",
        "categories": [
            "usa pbs"
        ],
        "country": "US"
    },
    {
        "name": "PBS NM ALBUQUERQUE",
        "id": "PBSNMALBUQUERQUE.us",
        "logo": "",
        "url": "http://sansat.co:88/02021375753918/8946623682/665324",
        "categories": [
            "usa pbs"
        ],
        "country": "US"
    },
    {
        "name": "PBS CA LOS ANGELES",
        "id": "PBSCALOSANGELES.us",
        "logo": "",
        "url": "http://sansat.co:88/02021375753918/8946623682/665325",
        "categories": [
            "usa pbs"
        ],
        "country": "US"
    },
    {
        "name": "PBS OR PORTLAND",
        "id": "PBSORPORTLAND.us",
        "logo": "",
        "url": "http://sansat.co:88/02021375753918/8946623682/665326",
        "categories": [
            "usa pbs"
        ],
        "country": "US"
    },
    {
        "name": "PBS MO SPRINGFIELD",
        "id": "PBSMOSPRINGFIELD.us",
        "logo": "",
        "url": "http://sansat.co:88/02021375753918/8946623682/665327",
        "categories": [
            "usa pbs"
        ],
        "country": "US"
    },
    {
        "name": "PBS CA SAN DIEGO",
        "id": "PBSCASANDIEGO.us",
        "logo": "",
        "url": "http://sansat.co:88/02021375753918/8946623682/665328",
        "categories": [
            "usa pbs"
        ],
        "country": "US"
    },
    {
        "name": "PBS CA SACRAMENTO",
        "id": "PBSCASACRAMENTO.us",
        "logo": "",
        "url": "http://sansat.co:88/02021375753918/8946623682/665329",
        "categories": [
            "usa pbs"
        ],
        "country": "US"
    },
    {
        "name": "PBS AL BIRMINGHAM",
        "id": "PBSALBIRMINGHAM.us",
        "logo": "",
        "url": "http://sansat.co:88/02021375753918/8946623682/665330",
        "categories": [
            "usa pbs"
        ],
        "country": "US"
    },
    {
        "name": "PBS NY PLATTSBURGH",
        "id": "PBSNYPLATTSBURGH.us",
        "logo": "",
        "url": "http://sansat.co:88/02021375753918/8946623682/665331",
        "categories": [
            "usa pbs"
        ],
        "country": "US"
    },
    {
        "name": "PBS MI MOUNT PLEASANT",
        "id": "PBSMIMOUNTPLEASANT.us",
        "logo": "",
        "url": "http://sansat.co:88/02021375753918/8946623682/665332",
        "categories": [
            "usa pbs"
        ],
        "country": "US"
    },
    {
        "name": "PBS CT HARTFORD",
        "id": "PBSCTHARTFORD.us",
        "logo": "",
        "url": "http://sansat.co:88/02021375753918/8946623682/665333",
        "categories": [
            "usa pbs"
        ],
        "country": "US"
    },
    {
        "name": "PBS IL CHARLESTON",
        "id": "PBSILCHARLESTON.us",
        "logo": "",
        "url": "http://sansat.co:88/02021375753918/8946623682/665334",
        "categories": [
            "usa pbs"
        ],
        "country": "US"
    },
    {
        "name": "PBS MA BOSTON",
        "id": "PBSMABOSTON.us",
        "logo": "",
        "url": "http://sansat.co:88/02021375753918/8946623682/665336",
        "categories": [
            "usa pbs"
        ],
        "country": "US"
    },
    {
        "name": "PBS MI DETROIT",
        "id": "PBSMIDETROIT.us",
        "logo": "",
        "url": "http://sansat.co:88/02021375753918/8946623682/665337",
        "categories": [
            "usa pbs"
        ],
        "country": "US"
    },
    {
        "name": "PBS MI GRAND RAPIDS",
        "id": "PBSMIGRANDRAPIDS.us",
        "logo": "",
        "url": "http://sansat.co:88/02021375753918/8946623682/665338",
        "categories": [
            "usa pbs"
        ],
        "country": "US"
    },
    {
        "name": "PBS DC WASHINGTON",
        "id": "PBSDCWASHINGTON.us",
        "logo": "",
        "url": "http://sansat.co:88/02021375753918/8946623682/665339",
        "categories": [
            "usa pbs"
        ],
        "country": "US"
    },
    {
        "name": "PBS PA PHILADELPHIA",
        "id": "PBSPAPHILADELPHIA.us",
        "logo": "",
        "url": "http://sansat.co:88/02021375753918/8946623682/665340",
        "categories": [
            "usa pbs"
        ],
        "country": "US"
    },
    {
        "name": "PBS FL JACKSONVILLE",
        "id": "PBSFLJACKSONVILLE.us",
        "logo": "",
        "url": "http://sansat.co:88/02021375753918/8946623682/665341",
        "categories": [
            "usa pbs"
        ],
        "country": "US"
    },
    {
        "name": "PBS NY NEW YORK",
        "id": "PBSNYNEWYORK.us",
        "logo": "",
        "url": "http://sansat.co:88/02021375753918/8946623682/665343",
        "categories": [
            "usa pbs"
        ],
        "country": "US"
    },
    {
        "name": "PBS NJ NEW JERSEY",
        "id": "PBSNJNEWJERSEY.us",
        "logo": "",
        "url": "http://sansat.co:88/02021375753918/8946623682/665344",
        "categories": [
            "usa pbs"
        ],
        "country": "US"
    },
    {
        "name": "PBS IL CHICAGO",
        "id": "PBSILCHICAGO.us",
        "logo": "",
        "url": "http://sansat.co:88/02021375753918/8946623682/665345",
        "categories": [
            "usa pbs"
        ],
        "country": "US"
    },
    {
        "name": "PBS FL ORLANDO",
        "id": "PBSFLORLANDO.us",
        "logo": "",
        "url": "http://sansat.co:88/02021375753918/8946623682/665346",
        "categories": [
            "usa pbs"
        ],
        "country": "US"
    },
    {
        "name": "PBS FL GAINESVILLE",
        "id": "PBSFLGAINESVILLE.us",
        "logo": "",
        "url": "http://sansat.co:88/02021375753918/8946623682/665347",
        "categories": [
            "usa pbs"
        ],
        "country": "US"
    },
    {
        "name": "PBS WV CHARLESTON",
        "id": "PBSWVCHARLESTON.us",
        "logo": "",
        "url": "http://sansat.co:88/02021375753918/8946623682/665348",
        "categories": [
            "usa pbs"
        ],
        "country": "US"
    },
    {
        "name": "===== USA PBS =====",
        "id": "usapbs",
        "logo": "http://vodkom.com:25461/Logo/FLAGS/USA.png",
        "url": "http://sansat.co:88/02021375753918/8946623682/157848",
        "categories": [
            "usa pbs"
        ],
        "country": ""
    }
]